question,answer,ground_truth,category
What is diversity training?,"Diversity training is an educational program designed to increase participants' awareness and understanding of diversity, equity, and inclusion within the workplace or community. It aims to equip individuals with the skills and knowledge necessary to interact effectively and respectfully with people from diverse backgrounds.

The purpose of diversity training is to foster an inclusive environment where all individuals feel valued and respected. It is important because it helps break down barriers and reduce biases, leading to improved collaboration and communication among team members. By integrating diversity training into organizational practices, companies can enhance their overall performance and create a more equitable workplace. This training is not just a standalone event but should be part of equipping people to succeed in their regular organizational duties.

Key components or benefits of diversity training include:
- **Improved Morale**: Boosts employee satisfaction and engagement by creating a more inclusive workplace.
- **Enhanced Collaboration**: Encourages teamwork across different lines of difference, fostering a free exchange of ideas.
- **Skill Development**: Provides practical tools for relationship building and collaboration with diverse individuals.
- **Bias Reduction**: Helps participants recognize and mitigate natural human tendencies that affect responses to diversity.
- **Increased Retention and Promotion**: Supports the hiring, retention, and promotion of diverse candidates, contributing to a more diverse leadership pipeline.","Diversity training is an educational approach designed to increase participants' cultural awareness, knowledge, and communication skills to promote inclusivity.",DiversityTraining
Why is diversity training important in modern workplaces?,"In today's rapidly evolving workplace landscape, diversity training has become a cornerstone for fostering an inclusive and dynamic environment. As organizations strive to reflect the diverse society they operate within, understanding and embracing diversity is not just a moral imperative but a strategic advantage. Here's why diversity training is crucial in modern workplaces:

- **Fostering Inclusivity**: Diversity training helps create an environment where all employees feel valued and respected, regardless of their background. This inclusivity leads to a more harmonious workplace where everyone can contribute their best.

- **Enhancing Creativity and Innovation**: A diverse workforce brings a variety of perspectives and ideas, which can lead to innovative solutions and creative problem-solving. Diversity training encourages employees to appreciate and leverage these differences.

- **Improving Collaboration**: By equipping employees with the skills to work effectively across lines of difference, diversity training enhances teamwork and collaboration, leading to more productive and cohesive teams.

- **Ensuring Legal Compliance**: Diversity training helps organizations comply with legal standards and regulations related to workplace discrimination and harassment, reducing the risk of costly lawsuits and reputational damage.

- **Reducing Unconscious Bias**: Training programs raise awareness of unconscious biases and provide tools to mitigate their impact, ensuring fair and equitable treatment of all employees.

- **Boosting Morale and Retention**: When employees feel included and valued, job satisfaction and morale improve, leading to higher retention rates and attracting diverse talent.

In summary, diversity training is not just an optional add-on but a vital component of a successful modern workplace. It equips employees with the necessary skills to navigate and thrive in a diverse environment, ultimately driving organizational success and sustainability.","It enhances understanding, reduces biases, and builds a culture of respect, making employees feel valued.",DiversityTraining
What are the key goals of diversity training?,"Diversity training is a crucial component of fostering an inclusive and equitable workplace. It plays a vital role in enhancing collaboration, improving organizational climate, and ensuring that diverse candidates are hired, retained, and promoted. By integrating diversity training into the core competencies of an organization, employees are better equipped to succeed in their roles while embracing and valuing differences.

Key goals of diversity training programs include:

- **Rectifying Inequalities**: Addressing and correcting disparities within the workplace to create a more equitable environment for all employees.
- **Improving Organizational Climate**: Enhancing the overall atmosphere and culture of the organization to be more inclusive and welcoming.
- **Increasing Collaboration**: Encouraging teamwork and cooperation across lines of difference, fostering a free exchange of ideas and information.
- **Enhancing Hiring, Retention, and Promotion**: Ensuring that diverse candidates are not only hired but also retained and promoted within the organization.
- **Building Relationships**: Developing skills for relationship building and collaboration with diverse individuals.
- **Reducing Stigma and Defensiveness**: Providing practical tools to recognize and manage natural human tendencies that may lead to defensiveness or polarization in diversity discussions.
- **Seeking Similarities**: Encouraging employees to find common ground with others, reducing the impact of differences and enhancing understanding.

In summary, the objectives of diversity training are essential for cultivating a workplace where all individuals are seen as equal in value and humanity. By achieving these goals, organizations can create a more inclusive culture that not only respects but also celebrates diversity, leading to more productive and harmonious working relationships.","To improve cultural awareness, reduce unconscious bias, and encourage respectful interactions among diverse teams.",DiversityTraining
How does diversity training contribute to business success?,"In today's rapidly evolving business landscape, diversity training has emerged as a crucial component for fostering an inclusive and dynamic workplace. By equipping employees with the skills and understanding needed to navigate diverse environments, organizations can unlock a multitude of benefits that directly contribute to business success. Here are some specific ways in which diversity training enhances business outcomes:

- **Increased Innovation**: Diversity training encourages the free exchange of ideas and perspectives, leading to more creative solutions and innovative thinking. When employees from varied backgrounds collaborate, they bring unique insights that can drive product development and improve services.

- **Better Decision-Making**: A diverse workforce, supported by effective diversity training, is better equipped to make informed decisions. Exposure to different viewpoints helps in evaluating options more thoroughly and reduces the risk of groupthink.

- **Enhanced Company Reputation**: Companies that prioritize diversity training are often viewed more favorably by customers and clients. This commitment to inclusivity can enhance brand reputation and attract a broader customer base.

- **Improved Employee Engagement**: Diversity training fosters an environment where all employees feel valued and included. This sense of belonging can lead to higher morale, increased job satisfaction, and reduced turnover rates.

- **Broader Market Reach**: By understanding and embracing diversity, companies can better connect with diverse markets and customer segments, expanding their reach and potential for growth.

In summary, diversity training is not just a box to check; it is a strategic investment that can propel a business towards greater success. By cultivating an inclusive culture, organizations can harness the full potential of their workforce, leading to enhanced innovation, improved decision-making, and a stronger market presence.","It creates an inclusive culture that attracts talent, improves employee engagement, and enhances team performance.",DiversityTraining
What are common types of diversity covered in training?,"Diversity training aims to equip individuals and organizations with the understanding and skills needed to work effectively in diverse environments. It helps in recognizing, respecting, and valuing differences among people, which can lead to more inclusive and productive workplaces. Here are some common types of diversity typically covered in diversity training programs:

- **Race and Ethnicity**: Understanding the cultural backgrounds and experiences of different racial and ethnic groups, and addressing issues such as racial bias and discrimination.

- **Gender**: Exploring gender identities and expressions, and promoting gender equality and the dismantling of stereotypes and biases.

- **Age**: Recognizing the value of a multigenerational workforce and addressing age-related biases and stereotypes.

- **Sexual Orientation**: Creating an inclusive environment for individuals of all sexual orientations by addressing homophobia and promoting acceptance.

- **Disability**: Understanding the challenges faced by individuals with disabilities and promoting accessibility and accommodation in the workplace.

- **Religion**: Respecting diverse religious beliefs and practices, and fostering an environment where individuals can express their faith freely.

- **Socioeconomic Status**: Recognizing the impact of socioeconomic background on individuals' opportunities and experiences.

Understanding these diverse aspects is crucial in the workplace as it fosters an inclusive environment where all employees feel valued and respected. This understanding not only enhances collaboration and innovation but also contributes to the overall success and sustainability of an organization.","Race, ethnicity, gender, sexual orientation, age, disability, and cultural background.",DiversityTraining
How can unconscious bias affect workplace dynamics?,"Unconscious bias, also known as implicit bias, refers to the automatic and unintentional judgments or stereotypes we hold about people or groups. These biases are formed from our past experiences, cultural background, and media exposure, and they influence our understanding and decisions without us being aware of it.

- **Hiring Practices**: Unconscious bias can lead to favoritism towards candidates who share similar backgrounds or characteristics with the hiring team, potentially overlooking diverse talent.
- **Team Collaboration**: Biases may affect communication styles and engagement methods, leading to micro-inequities that can hinder effective teamwork and create misunderstandings.
- **Leadership Decisions**: Leaders might unconsciously favor individuals who align with their own in-group, impacting promotions, project assignments, and performance evaluations.

The broader implications of unconscious bias in the workplace are significant. It can undermine efforts to create an inclusive and equitable environment, leading to a lack of diversity in thought and innovation. This, in turn, affects overall productivity and employee satisfaction, as individuals may feel undervalued or marginalized. A workplace culture that does not address unconscious bias may struggle with retention and engagement, ultimately impacting the organization's success.

To combat these effects, it's crucial for organizations to invest in awareness and training programs. By educating employees and leaders about unconscious bias, companies can foster a more inclusive and equitable workplace, enhancing both culture and productivity.","Unconscious bias can lead to unfair treatment, affect hiring and promotions, and create a non-inclusive culture.",DiversityTraining
"What are microaggressions, and why is it important to address them?","Microaggressions are everyday verbal, nonverbal, and environmental slights, snubs, or insults that can be intentional or unintentional. They communicate hostile, derogatory, or negative messages to individuals based on their marginalized group membership. These subtle actions or comments can invalidate a person's group identity, demean them on a personal or group level, and suggest they are lesser human beings.

Impact on Individuals and the Workplace:
- **Emotional and Psychological Harm**: Microaggressions can cause stress, anxiety, and a sense of alienation for those who experience them, affecting their mental health and well-being.
- **Decreased Productivity**: Individuals who face microaggressions may feel demotivated and disengaged, leading to reduced productivity and job satisfaction.
- **Erosion of Trust**: A workplace where microaggressions are prevalent can lead to a lack of trust between employees and management, affecting team cohesion and collaboration.
- **Increased Turnover**: Employees who experience microaggressions may choose to leave the organization, leading to higher turnover rates and associated costs.

Reasons to Address Microaggressions:
- **Promotes Inclusivity**: Addressing microaggressions fosters an inclusive environment where all employees feel valued and respected.
- **Enhances Employee Engagement**: When employees feel safe and supported, they are more likely to be engaged and committed to their work.
- **Improves Organizational Reputation**: Companies that actively combat microaggressions are seen as progressive and socially responsible, enhancing their reputation.
- **Encourages Diversity**: A workplace that addresses microaggressions is more likely to attract and retain a diverse workforce, bringing varied perspectives and innovation.

In summary, microaggressions, though often subtle, have significant negative impacts on individuals and the workplace. Raising awareness and taking action to address them is crucial for creating a supportive and inclusive work environment. This not only benefits the individuals involved but also enhances the overall health and success of the organization.","Microaggressions are subtle, often unintentional discriminatory comments or actions that can harm inclusivity.",DiversityTraining
"What is cultural competence, and how does diversity training improve it?","Cultural competence is the ability to work effectively in a multicultural environment. It involves understanding and appreciating the diverse cultural backgrounds of colleagues, clients, and communities, and using this understanding to enhance interactions and relationships. Cultural competence is crucial in today's global workforce, where teams often consist of individuals from various cultural backgrounds, whether they are located across the globe or within the same domestic environment. It encompasses three central components:

1. **Self-awareness**: Recognizing your own cultural background, including the beliefs and behaviors that shape your perceptions and actions.
2. **Cultural humility**: Maintaining an openness to learning about other cultures and acknowledging that one's own cultural perspective is not the only valid one.
3. **Cultural intelligence**: Developing the skills to adapt to different cultural contexts and effectively engage with people from diverse backgrounds.

Diversity training plays a significant role in enhancing cultural competence by equipping individuals with the necessary skills and knowledge to navigate and appreciate cultural differences. Here's how diversity training can improve cultural competence:

- **Increases Self-awareness**: Diversity training encourages participants to reflect on their own cultural identities and biases, fostering greater self-awareness and understanding of how these factors influence their interactions with others.

- **Builds Cultural Knowledge**: Through exposure to different cultural perspectives and practices, diversity training broadens participants' understanding of diverse communities, enhancing their ability to engage effectively with individuals from various backgrounds.

- **Enhances Communication Skills**: Training programs often focus on developing communication skills that are sensitive to cultural nuances, enabling participants to convey messages more effectively and avoid misunderstandings.

- **Promotes Empathy and Respect**: By highlighting the value of diverse perspectives, diversity training fosters empathy and respect for others, encouraging participants to appreciate and embrace differences rather than view them as obstacles.

- **Reduces Stigma and Defensiveness**: By providing practical tools and resources, diversity training helps participants recognize and address natural human tendencies that may lead to stigma or defensiveness, creating a more inclusive and supportive environment.

Overall, diversity training is an essential component in developing cultural competence, as it provides individuals with the tools and insights needed to work effectively in diverse settings, ultimately contributing to a more inclusive and harmonious workplace.",Cultural competence is the ability to understand and interact effectively with people from different cultures.,DiversityTraining
How does diversity training reduce workplace discrimination?,"Diversity training is designed to foster an inclusive and respectful workplace by equipping employees with the understanding and skills necessary to appreciate and work effectively with diverse individuals. Its primary purpose is to reduce workplace discrimination and create an environment where everyone feels valued and respected. Here's how diversity training can achieve these goals:

- **Raising Awareness**: 
  - Diversity training helps participants recognize unconscious biases and prejudices that may influence their behavior and decision-making.
  - It educates employees about the importance of diversity and the benefits it brings to the workplace, such as enhanced creativity and problem-solving.

- **Changing Behaviors**:
  - By connecting diversity-related training to essential workplace skills and competencies, employees are more likely to retain and practice inclusive behaviors.
  - Training provides practical tools and resources to help individuals identify and manage natural human tendencies that can lead to discriminatory actions.

- **Fostering Inclusivity**:
  - It encourages open dialogue and reduces stigma, defensiveness, and polarization around discussions of diversity.
  - Training promotes relationship building and collaboration across lines of difference, enhancing team dynamics and morale.

- **Enhancing Skills and Motivation**:
  - Participants gain skills in interacting with diverse others, which can lead to more effective communication and teamwork.
  - It motivates employees to actively contribute to a culture of inclusivity and respect.

In summary, diversity training plays a crucial role in reducing workplace discrimination by raising awareness, changing behaviors, and fostering an inclusive environment. When effectively implemented, it not only enhances individual skills and competencies but also contributes to a respectful and harmonious workplace where diversity is celebrated and valued.","It raises awareness of biases, teaches respectful communication, and emphasizes anti-discrimination policies.",DiversityTraining
What is the role of leadership in supporting diversity training?,"Leadership plays a pivotal role in promoting and supporting diversity training within an organization. Effective leaders understand that diversity training is not just a checkbox exercise but a fundamental component of creating an inclusive and equitable workplace. By championing diversity initiatives, leaders set the tone for the entire organization, influencing attitudes, behaviors, and ultimately, the organizational culture. Their commitment to diversity training can lead to enhanced collaboration, innovation, and a sense of belonging among employees.

- **Setting a Strategic Vision**: Leaders are responsible for articulating a clear and compelling vision for diversity and inclusion within the organization. This vision should align with the organization's overall mission and values, ensuring that diversity training is integrated into the broader strategic objectives.

- **Allocating Resources**: It is crucial for leaders to allocate sufficient resources, including time, budget, and personnel, to support diversity training initiatives. This demonstrates a tangible commitment to fostering an inclusive environment and ensures that training programs are well-supported and sustainable.

- **Leading by Example**: Leaders must model inclusive behavior and actively participate in diversity training themselves. By doing so, they set a powerful example for others to follow, reinforcing the importance of these initiatives and encouraging widespread participation.

- **Fostering an Inclusive Culture**: Leaders should work to create an environment where diversity is celebrated and all employees feel valued and respected. This involves promoting open dialogue, encouraging diverse perspectives, and addressing any barriers to inclusion.

- **Monitoring and Evaluating Progress**: Leaders need to establish metrics and regularly assess the effectiveness of diversity training programs. This includes gathering feedback from participants, analyzing outcomes, and making necessary adjustments to improve the impact of these initiatives.

Effective leadership in diversity training has a profound impact on organizational culture. When leaders are genuinely committed to diversity and inclusion, it fosters a culture of belonging where employees feel empowered to bring their whole selves to work. This not only enhances employee morale and engagement but also drives innovation and performance, ultimately contributing to the organization's success. By prioritizing diversity training, leaders can cultivate a workplace that is not only diverse but also inclusive and equitable for all.","Leaders set the tone by actively supporting and participating in diversity initiatives, demonstrating commitment to inclusivity.",DiversityTraining
How often should diversity training be conducted to remain effective?,"Regular diversity training is crucial for fostering an inclusive and equitable workplace. It helps address unconscious biases, promotes understanding among diverse groups, and supports the development of a more cohesive organizational culture. To ensure its effectiveness, diversity training should be part of a continuous and systematic program rather than a one-time event.

**Recommended Frequencies and Considerations:**

- **Quarterly Sessions:**
  - Ideal for organizations with rapid changes in workforce demographics or those undergoing significant cultural shifts.
  - Allows for regular updates and reinforcement of key DEI principles.

- **Biannual Sessions:**
  - Suitable for organizations with stable workforce demographics.
  - Provides enough frequency to revisit and reinforce training without overwhelming employees.

- **Annual Sessions:**
  - May be appropriate for smaller organizations or those with limited resources.
  - Should be supplemented with other DEI initiatives throughout the year to maintain momentum.

- **Tailored Frequency:**
  - Consider more frequent sessions for leadership teams or specific departments facing unique DEI challenges.
  - Adapt frequency based on feedback and the specific needs of different employee groups.

**Considerations for Different Organizational Contexts:**

- **Voluntary Participation:**
  - Encourages genuine engagement and can lead to more effective outcomes.
  - Aligns training with specific company goals to enhance relevance and impact.

- **Diverse Delivery Methods:**
  - Incorporate a mix of in-person workshops, online modules, and interactive sessions to cater to different learning preferences.

- **Ongoing Support:**
  - Complement training with ongoing support such as mentorship programs, discussion groups, and access to DEI resources.

In summary, regular diversity training is essential for creating a more inclusive workplace. By adapting the frequency and format to meet the unique needs of your organization, you can ensure that the training remains relevant and impactful. This ongoing commitment to DEI not only enhances workplace culture but also contributes to the overall success and sustainability of the organization.","Annually, with periodic refreshers to adapt to evolving diversity and inclusion issues.",DiversityTraining
What is the significance of allyship in diversity training?,"Allyship is the active and intentional effort by individuals who are not part of a marginalized group to support and advocate for the rights and well-being of that group. It involves leveraging one's privilege to help address and overcome inequities faced by others.

Role of Allyship in Diversity Training:
- **Enhances Understanding**: Allyship helps individuals recognize and understand the imbalances in opportunities and experiences faced by marginalized groups.
- **Promotes Inclusion**: By actively supporting those from different backgrounds, allies contribute to creating a more inclusive environment.
- **Reduces Prejudice**: Through the contact hypothesis, allyship fosters interactions between diverse groups, which can reduce biases and stereotypes.
- **Empowers Individuals**: Allies use their in-group status to advocate for fairness, equity, and social justice, empowering those who are marginalized.

Key Benefits and Examples of Effective Allyship Practices:
- **Using Privilege for Advocacy**: Allies can use their access to resources and networks to support marginalized individuals, such as male allies advocating for gender equality in the workplace.
- **Sponsorship**: Upgrading mentorship to sponsorship, where allies leverage their status to advance the careers of individuals from disadvantaged groups.
- **Do No Harm**: Allies should be aware of behaviors that marginalize others and actively avoid them, ensuring they do not contribute to exclusion.
- **Active Listening and Learning**: Allies should continuously educate themselves about the challenges faced by marginalized groups and listen to their experiences.

Summary:
Allyship is crucial in diversity training as it fosters a supportive and inclusive environment, encourages understanding and empathy, and actively works to dismantle systemic inequities. By integrating allyship into diversity training, organizations can enhance collaboration, reduce prejudice, and promote a culture of equity and inclusion.","Allyship involves actively supporting marginalized groups, fostering a more inclusive environment.",DiversityTraining
Why is it important to address different learning styles in diversity training?,"Learning styles refer to the various ways individuals absorb, process, and retain information. Some people learn best through visual aids, others through auditory means, and some through hands-on experiences. Recognizing and addressing these differences in diversity training programs is crucial for maximizing their effectiveness and fostering an inclusive learning environment.

**Benefits of Addressing Different Learning Styles in Diversity Training:**

- **Increased Engagement:** Tailoring training to accommodate various learning styles keeps participants more engaged, as they can interact with the material in a way that resonates with them personally.
  
- **Better Retention of Information:** When individuals learn in a manner that suits their style, they are more likely to retain the information, leading to a deeper understanding of diversity concepts.
  
- **Fostering an Inclusive Learning Environment:** By acknowledging and incorporating different learning styles, training programs model inclusivity, demonstrating the value of diverse perspectives and approaches.
  
- **Reduced Stigma and Defensiveness:** A varied approach can help reduce the stigma and defensiveness often associated with diversity training by making the content more accessible and relatable to all participants.
  
- **Enhanced Collaboration and Communication:** Understanding and respecting different learning styles can improve communication and collaboration among diverse groups, as participants learn to appreciate and leverage each other's strengths.

In summary, addressing different learning styles in diversity training is not just about effective information delivery; it's about creating an inclusive environment where all participants feel valued and understood. This approach not only enhances the learning experience but also mirrors the very principles of diversity, equity, and inclusion that such training aims to promote.",People learn in different ways; using varied methods ensures all participants can engage and understand the material.,DiversityTraining
How can diversity training help reduce employee turnover?,"In today's dynamic workplace, diversity training plays a crucial role in fostering an inclusive environment that not only celebrates differences but also enhances employee retention. By investing in diversity training, organizations can create a culture where employees feel valued and understood, leading to increased job satisfaction and reduced turnover rates. Here's how diversity training contributes to reducing employee turnover:

- **Improved Workplace Culture**: Diversity training helps build a culture of respect and inclusion, where employees from diverse backgrounds feel welcomed and appreciated. This positive environment encourages employees to stay longer with the organization.

- **Increased Employee Engagement**: When employees feel that their unique perspectives are valued, they are more likely to be engaged and committed to their work. Engaged employees are less likely to leave the organization.

- **Enhanced Collaboration**: Training equips employees with the skills to collaborate effectively across differences, fostering teamwork and innovation. This sense of belonging and teamwork can reduce feelings of isolation and dissatisfaction.

- **Better Understanding and Communication**: Diversity training provides practical tools for recognizing and addressing unconscious biases, leading to improved communication and understanding among team members. This can reduce conflicts and increase harmony in the workplace.

- **Career Development Opportunities**: By promoting diversity and inclusion, organizations can ensure that diverse employees have equal opportunities for growth and advancement, which can increase loyalty and reduce turnover.

In summary, diversity training is a powerful tool for reducing employee turnover by creating a more inclusive and engaging workplace. By fostering a culture of respect and collaboration, organizations can retain their talent and build a more resilient and innovative workforce.","A more inclusive workplace makes employees feel valued, increasing their likelihood to stay.",DiversityTraining
How does empathy play a role in diversity training?,"Empathy is a cornerstone of effective diversity training programs, serving as a bridge to understanding and inclusivity. By fostering empathy, organizations can create environments where diverse perspectives are not only acknowledged but valued, leading to more harmonious and productive workplaces. Empathy allows individuals to step into the shoes of others, recognizing and appreciating the unique experiences and challenges faced by their colleagues. This understanding is crucial in dismantling biases and building a culture of respect and collaboration.

To effectively integrate empathy into diversity training programs, it is essential to create a safe and inclusive space where participants feel comfortable sharing their stories and experiences. This can be achieved through interactive workshops that encourage open dialogue and active listening. Role-playing exercises are particularly effective, as they allow participants to experience scenarios from different perspectives, fostering a deeper understanding of the emotions and challenges faced by others.

Another method is incorporating storytelling into the training. By sharing personal narratives, participants can connect on a human level, breaking down barriers and building empathy. Facilitators can guide discussions that explore the emotional impact of these stories, helping participants to reflect on their own biases and assumptions.

Training programs can also include empathy-building activities, such as group discussions and empathy mapping, where participants identify and discuss the feelings, needs, and concerns of others. These activities encourage participants to consider diverse viewpoints and develop a more empathetic approach to their interactions.

Incorporating empathy into diversity training offers several key benefits:

- **Enhanced Understanding**: Participants gain a deeper appreciation for the diverse experiences and perspectives of their colleagues.
- **Improved Inclusivity**: Empathy fosters a culture of respect and acceptance, where all voices are heard and valued.
- **Reduced Bias**: By understanding the impact of their actions and words, participants are more likely to challenge their own biases and assumptions.
- **Stronger Collaboration**: Empathetic workplaces encourage open communication and teamwork, leading to more effective problem-solving and innovation.

By embedding empathy into diversity training, organizations can cultivate a more inclusive and harmonious work environment, ultimately enhancing both individual and organizational success.","Empathy allows individuals to understand others' perspectives, fostering mutual respect and reducing conflicts.",DiversityTraining
How would a company handle an employee who consistently resists diversity training?,"Hi John, I understand you're concerned about an employee resisting diversity training. Let's start by understanding the situation a bit better. Could you share what specific reasons the employee has given for resisting the training? Are there any particular incidents or behaviors that have resulted from this resistance?","Address their concerns, emphasize training benefits, and encourage an open dialogue about inclusivity.",DiversityTraining
What should a manager do if an employee reports microaggressions from a colleague?,"Addressing microaggressions in the workplace is crucial for fostering an inclusive and respectful environment. Microaggressions, though often subtle, can have significant negative impacts on employees' well-being and productivity. It's essential for managers to take these reports seriously and handle them with care and sensitivity. Here are actionable steps a manager can take when an employee reports experiencing microaggressions:

- **Listen Actively and Empathetically**: 
  - Provide a safe space for the employee to share their experience.
  - Acknowledge their feelings and validate their experience without judgment.

- **Document the Incident**:
  - Record the details of the reported microaggression, including the date, time, location, and individuals involved.
  - Ensure that the documentation is factual and free from personal bias.

- **Investigate the Situation**:
  - Speak with the colleague involved to understand their perspective.
  - Gather any additional information or witness accounts if necessary.

- **Address the Issue**:
  - Engage in a conversation with both parties to discuss the incident and its impact.
  - Encourage open dialogue and understanding between the individuals involved.

- **Provide Support**:
  - Offer resources such as counseling or mediation services to the affected employee.
  - Ensure the employee knows they are supported and that their concerns are taken seriously.

- **Follow Up**:
  - Check in with both parties to ensure the issue is resolved and that there is no ongoing tension.
  - Monitor the workplace environment to prevent future occurrences.

- **Educate and Train**:
  - Organize training sessions on microaggressions and their impact for all employees.
  - Encourage a culture of awareness and sensitivity towards diversity and inclusion.

Ongoing education and awareness about microaggressions are vital for creating a workplace where everyone feels respected and valued. By addressing these issues proactively, managers can help cultivate an environment that not only acknowledges diversity but also actively supports equity and inclusion. This commitment to continuous learning and improvement is key to preventing microaggressions and fostering a positive workplace culture.","Investigate the issue, provide support to the employee, and ensure all employees understand the importance of inclusive behavior.",DiversityTraining
How can diversity training be adapted for remote teams?,"In today's increasingly digital world, diversity training for remote teams is more crucial than ever. As organizations expand their reach globally, they encounter a rich tapestry of cultures, perspectives, and experiences. Embracing this diversity through effective training not only fosters a more inclusive workplace but also drives innovation and productivity. However, adapting these programs to a virtual environment presents unique challenges and opportunities.

Here are some strategies and tools to effectively adapt diversity training for remote teams:

- **Leverage Technology-Based Platforms**: Use platforms like TeamBuilder and DEIAlly by Intuition to facilitate interactive and engaging training sessions.
- **Consistent Program Delivery**: Ensure that diversity programs are consistently offered across all remote teams to maintain uniformity in learning.
- **Flexible Work Policies**: Educate managers on flexible work policies to accommodate diverse needs and encourage inclusivity.
- **Collaboration Tools**: Provide tools that integrate remote and in-person workers, ensuring seamless communication and collaboration.
- **Performance Tracking**: Implement systems to track performance, promotions, and career paths for remote workers, ensuring equal opportunities for advancement.
- **Communication Protocols**: Establish protocols that include blackout times to help reduce stress and prevent burnout among remote employees.

Each of these strategies offers distinct benefits. Technology-based platforms like TeamBuilder and DEIAlly by Intuition provide a structured environment for interactive learning, making it easier to engage participants regardless of their location. Consistent program delivery ensures that all employees receive the same quality of training, fostering a unified organizational culture. Educating managers on flexible work policies helps them model inclusive behaviors, which can significantly enhance team morale and productivity. Collaboration tools bridge the gap between remote and in-person workers, promoting a sense of belonging and teamwork. Performance tracking systems ensure that remote employees have equal opportunities for growth, addressing potential biases in career advancement. Lastly, communication protocols that include blackout times help maintain work-life balance, which is essential for mental health and overall well-being.

In summary, adapting diversity training for remote teams involves leveraging technology, ensuring consistency, promoting flexibility, and fostering communication. By implementing these strategies, organizations can create an inclusive and engaging virtual environment that supports diversity and drives success. Now is the time to take action and integrate these approaches into your diversity training programs, ensuring that all team members feel valued and empowered.","Use virtual workshops, interactive platforms, and focus on communication to engage remote participants.",DiversityTraining
What metrics can be used to measure the impact of diversity training?,"Measuring the impact of diversity training is crucial for organizations aiming to foster an inclusive and equitable workplace. By evaluating the effectiveness of these programs, companies can ensure they are not only meeting their DEI goals but also creating a positive and supportive environment for all employees. Effective measurement allows organizations to identify areas of improvement, reinforce successful strategies, and demonstrate their commitment to diversity and inclusion. Here are some specific metrics that can be used to assess the impact of diversity training:

- **Knowledge Retention**: Assess participants' understanding of diversity concepts before and after the training through quizzes or assessments. This helps gauge the immediate educational impact of the training.

- **Attitudinal Shifts**: Use surveys to measure changes in attitudes towards diversity and inclusion among employees. This can indicate whether the training has influenced perceptions and openness to diversity.

- **Behavioral Changes**: Observe and document changes in workplace behavior, such as increased collaboration among diverse teams or a reduction in incidents of bias or discrimination.

- **Participation Rates**: Track the number of employees who attend and complete the training. High participation rates can reflect the program's accessibility and relevance.

- **Feedback and Satisfaction**: Collect feedback from participants regarding the training's content, delivery, and applicability. This can provide insights into the program's strengths and areas for improvement.

- **Long-term Impact**: Conduct follow-up assessments to evaluate the sustained impact of the training on workplace culture and employee interactions over time.

- **Diversity Metrics**: Monitor changes in workforce diversity, including recruitment, retention, and promotion rates of underrepresented groups, to see if the training contributes to broader DEI goals.

To implement these metrics effectively, organizations should integrate them into a comprehensive DEI strategy that aligns with their business objectives. It's important to establish a baseline before the training and conduct regular evaluations to track progress. Engaging leadership and ensuring their support can enhance the credibility and impact of the training. Additionally, using a combination of quantitative and qualitative data will provide a more holistic view of the training's effectiveness. By consistently measuring and analyzing these metrics, organizations can make informed decisions to enhance their diversity training programs and foster a truly inclusive workplace.","Employee feedback, retention rates, incident reports, and participation rates.",DiversityTraining
How can companies promote continuous learning in diversity after the initial training?,"Continuous learning in diversity is crucial for fostering an inclusive and equitable workplace. Initial training sessions lay the groundwork, but the real transformation occurs when organizations commit to ongoing education and engagement. Here are some strategies companies can implement to maintain momentum and deepen their diversity efforts:

- **Establish a DEI Learning Series**: Create a series of ongoing workshops and town halls led by senior executives to discuss DEI topics. This keeps the conversation alive and demonstrates leadership commitment.

- **Develop a DEI Resource Library**: Provide access to a library of materials on diversity management, including books, articles, and online courses, allowing employees to explore topics at their own pace.

- **Encourage Manager-Employee Dialogues**: Managers should regularly meet with employees to discuss their learnings from DEI training and how they plan to apply these insights in their work. This reinforces new behaviors and fosters accountability.

- **Solicit Feedback and Foster Transparency**: Encourage employees to share feedback on how DEI initiatives are impacting the workplace. This can help identify areas for improvement and make employees feel valued and heard.

- **Tailor Training to Different Audiences**: Avoid a one-size-fits-all approach by customizing training content to address the specific needs and challenges of different teams or departments.

- **Integrate DEI into Leadership Communications**: Ensure that diversity, equity, and inclusion are regular topics in speeches and memos from senior leaders, reinforcing their importance in the organizational culture.

By embracing these strategies, companies can create a dynamic environment where diversity is not just a checkbox but a continuous journey. This commitment to ongoing learning and engagement will not only enhance workplace culture but also drive long-term success and innovation.","Offer workshops, online resources, and encourage discussions about diversity topics regularly.",DiversityTraining
An employee says they feel excluded during team meetings. How can diversity training help in this situation?,"Hi John, I understand you're concerned about an employee feeling excluded during team meetings. To better assist you, could you share what specific behaviors or actions during these meetings make the employee feel excluded?","Training can educate team members on inclusive behavior, encouraging them to be mindful of others' perspectives.",DiversityTraining
A team leader wants to ensure every voice is heard during brainstorming sessions. What advice could a diversity chatbot provide?,"It's fantastic that you're committed to ensuring every voice is heard during brainstorming sessions. This intention is a crucial step towards fostering an inclusive and innovative team environment. Here are some strategies and techniques to help you achieve this:

- **Define Session Intentions and 'Voice in the Room' Questions**: Start each session by clearly stating its purpose and posing a question that invites input from everyone. This sets the tone for inclusivity and encourages participation from the outset.

- **Inclusion Reminders in Process Notes**: Incorporate reminders in your meeting notes to consciously slow down decision-making processes. This helps ensure that diverse perspectives are considered and valued.

- **Create a No-Judgment Zone**: Establish team norms that reward different thinking and make meetings safe spaces for sharing ideas. This encourages team members to present innovative solutions without fear of ridicule.

- **Practice Open Listening**: Model active listening by giving your team undivided attention and acknowledging their contributions. This demonstrates respect for their ideas and encourages further input.

- **Encourage Constructive Feedback**: Invite and be receptive to feedback, even if it challenges assumptions. This openness fosters a culture where team members feel empowered to share their thoughts.

- **Use HU,MU,MU for Feedback**: Implement this method to gather honest feedback at the end of sessions. It helps you understand what team members really thought and how they felt about the process.

By implementing these practices, you'll create an environment where every team member feels valued and heard. Keep up the great work, and remember that fostering inclusivity is an ongoing journey that benefits everyone involved.","Encourage structured turn-taking, invite quieter members to share, and foster an environment where all ideas are valued.",DiversityTraining
What should an employee do if they witness a colleague making culturally insensitive comments?,"Addressing culturally insensitive comments in the workplace can be challenging and requires a thoughtful approach. It's important to handle the situation with care to foster a respectful and inclusive environment. Here are some steps you can take:

- **Acknowledge the Situation**: Recognize that hearing culturally insensitive comments can be distressing and that addressing them is crucial for maintaining a respectful workplace.

- **Assess the Context**: Consider the setting and the people involved. Determine if it's safe and appropriate to address the comment immediately or if it would be better to do so privately later.

- **Speak Up**: If you feel comfortable, calmly address the comment. You might say something like, ""I don't think that comment is appropriate,"" or ""That remark could be hurtful to others.""

- **Engage in a Conversation**: If the situation allows, engage the person in a discussion about why the comment was problematic. Use ""I"" statements to express how the comment made you feel, such as ""I felt uncomfortable when I heard that.""

- **Offer Support to Affected Individuals**: If someone was directly impacted by the comment, offer your support. Let them know you are there to listen and assist if they wish to take further action.

- **Report if Necessary**: If the comment is severe or part of a pattern, consider reporting it to a manager or HR. Document the incident with details about what was said and who was involved.

- **Educate and Advocate**: Encourage ongoing education and dialogue about diversity and inclusion within your team or organization. Suggest resources or training that could help prevent future incidents.

Remember, it's not solely your responsibility to address every instance of insensitivity. Prioritize your safety and well-being. If you need additional support, consider reaching out to a trusted colleague, a mentor, or a professional for guidance.","They should report the incident and, if comfortable, educate their colleague on the impact of such comments.",DiversityTraining
How can diversity training support effective conflict resolution?,"Diversity training plays a crucial role in enhancing conflict resolution skills within the workplace by fostering an environment of understanding and collaboration. It equips employees with the necessary tools to navigate and resolve conflicts that may arise from differences in perspectives, backgrounds, and experiences. Here's how diversity training contributes to effective conflict resolution:

- **Improved Communication**: Diversity training encourages open dialogue and active listening, helping employees understand and appreciate different viewpoints, which is essential for resolving conflicts amicably.

- **Increased Empathy**: By exposing participants to diverse perspectives, diversity training enhances empathy, allowing employees to better understand the emotions and motivations of others, leading to more compassionate conflict resolution.

- **Reduced Bias and Stereotyping**: Training helps identify and mitigate unconscious biases and stereotypes, reducing misunderstandings and tensions that can lead to conflicts.

- **Enhanced Collaboration**: By promoting teamwork across diverse groups, diversity training fosters a collaborative environment where conflicts are less likely to escalate and more easily resolved.

- **Practical Tools and Resources**: Participants are equipped with practical strategies to recognize and address natural human tendencies that affect responses to diversity, aiding in conflict resolution.

- **Stigma Reduction**: By addressing diversity in a non-threatening manner, training reduces defensiveness and polarization, creating a more conducive atmosphere for resolving conflicts.

In summary, diversity training is integral to conflict resolution in the workplace as it enhances communication, empathy, and collaboration while reducing biases and stereotypes. By providing practical tools and fostering an inclusive environment, it helps employees navigate conflicts effectively, leading to a more harmonious and productive workplace.","By teaching respectful communication and cultural understanding, reducing misunderstandings and biases.",DiversityTraining
An employee wants to be a better ally for LGBTQ+ colleagues. What resources can a diversity chatbot suggest?,"It's wonderful that you're seeking to become a better ally for your LGBTQ+ colleagues. Your commitment to learning and supporting diversity is a significant step towards fostering an inclusive environment. Here are some resources that can guide you on this journey:

- **Online Courses and Talks:**
  - ""Are you biased? I am"" by Kristen Pressner at TEDxBasel.
  - ""The urgency of intersectionality"" by Kimberl Crenshaw at TEDWomen.

- **Articles and Guides:**
  - ""100 Ways to Make the World Better for Non-binary People"" by AC Dumlao.
  - ""The Radical Copyeditors Style Guide for Writing About Transgender People"" by Alex Kapitan.
  - ""70 Inclusive Language Principles That Will Make You A More Successful Recruiter"" by Nehemiah Green.

- **Tools and Applications:**
  - Consider using a Slackbot or similar tool to flag non-inclusive language and suggest alternatives, fostering a more inclusive communication style.

- **Books:**
  - Explore books on LGBTQ+ experiences and allyship to deepen your understanding and empathy.

- **Organizations:**
  - Engage with local or national LGBTQ+ organizations to participate in events and workshops that promote allyship and understanding.

Your dedication to learning and supporting your colleagues is commendable. Keep exploring, asking questions, and engaging with diverse perspectives. Your efforts make a difference in creating a more inclusive and supportive workplace.","Provide resources on LGBTQ+ allyship, inclusive language guides, and training sessions focused on allyship.",DiversityTraining
How can employees participate in diversity initiatives if they are not comfortable speaking up?,"I understand that speaking up in a workplace setting can be challenging, especially when it comes to diversity initiatives. It's important to know that there are many ways to contribute to these efforts without having to voice your thoughts publicly. Here are some alternative ways to engage:

- **Participate in ERG Activities**: Join Employee Resource Groups (ERGs) and participate in their activities. This can be a great way to connect with others and contribute to diversity initiatives in a more comfortable setting.

- **Provide Feedback Anonymously**: Use anonymous feedback tools or suggestion boxes to share your thoughts and ideas on diversity initiatives without revealing your identity.

- **Engage in Online Platforms**: Participate in online forums or platforms like TeamBuilder, where you can contribute to discussions and initiatives at your own pace and comfort level.

- **Support Colleagues**: Offer support to colleagues who are leading diversity initiatives. This could be through helping with event planning or simply being a supportive presence.

- **Educate Yourself**: Take the time to educate yourself on diversity and inclusion topics. This can empower you to engage in conversations and initiatives more confidently.

- **Mentor or Be Mentored**: Engage in mentorship programs, either as a mentor or mentee, to foster diverse perspectives and support within the workplace.

- **Attend Workshops and Training**: Participate in diversity and inclusion workshops or training sessions to learn more and show your support for these initiatives.

Your participation, in any form, is valuable and contributes to a richer, more inclusive workplace. Remember, diverse participation strengthens the fabric of any organization, and your involvement is a crucial part of that process.","They can engage in self-paced learning, support diversity events, and express allyship through actions rather than words.",DiversityTraining
